Key,CLIENT_CODE,FAMILY,CLIENT_NAME,DESCRIPTION,BASIC_DISCOUNT,DISCOUNT_2
26190-4115,26190,4115,OKOVD.O.O.,SERR.MONT.CIL.EUROLOGO,50,38
26190-4133,26190,4133,OKOVD.O.O.,SERR.MONT.SICUREZZA,50,38
26190-4518,26190,4518,OKOVD.O.O.,LOGO.LINEINCAMICIATI,50,30
26190-1050,26190,1050,OKOVD.O.O.,INCONTROELETTRICOPERLEGNO,50,19
26190-0718,26190,0718,OKOVD.O.O.,CHIUDIPORTA 60450 CREMAGLIERA,50,0
26190-4802,26190,4802,OKOVD.O.O.,LOGO OVALI,50,0
26190-2207,26190,2207,OKOVD.O.O.,SERR.DMA6NOT.XP.BLINDATE,50,63
26190-3640,26190,3640,OKOVD.O.O.,CISAACCIAIORETTANGOLARI,50,5
26190-1052,26190,1052,OKOVD.O.O.,CORPIELETTRICI,50,40
26190-2204,26190,2204,OKOVD.O.O.,SERR.CIL.APPLICARE(L.C.)XPORTEBLINDATE,50,15
26190-0997,26190,0997,OKOVD.O.O.,ACCESSORIPERCORPIELETTRICI,50,40
26190-0788,26190,0788,OKOVD.O.O.,COMANDIEST.MAN.STANDARDNG,50,38
26190-0754,26190,0754,OKOVD.O.O.,MANIGLIONEPUSHBARAPPLICAREFAST,50,38
26190-0755,26190,0755,OKOVD.O.O.,MANIGLIONETOUCHBARAPPLICAREFAST,50,38
26190-0854,26190,0854,OKOVD.O.O.,ALPHA PUSH APPLICARE,50,30
26190-0855,26190,0855,OKOVD.O.O.,ALPHA TOUCH APPLICARE,50,30
26190-0887,26190,0887,OKOVD.O.O.,ALPHA BARRA,50,30
26190-0888,26190,0888,OKOVD.O.O.,ALPHA COMANDI ESTERNI,50,30
26190-080A,26190,080A,OKOVD.O.O.,ALPHA CHIUSURE SUPPLEMENTARI,50,30
26190-080K,26190,080K,OKOVD.O.O.,ALPHA KIT,50,30
26190-0897,26190,0897,OKOVD.O.O.,ALPHA INCONTRI ELETTRICI,50,0
26190-0898,26190,0898,OKOVD.O.O.,ALPHA ACCESSORI,50,0
21151-0855,21151,0855,BILOTRADED.O.0,ALPHA TOUCH APPLICARE,50,30
21151-0754,21151,0754,BILOTRADED.O.0,MANIGLIONEPUSHBARAPPLICAREFAST,50,38
21151-0787,21151,0787,BILOTRADED.O.0,BARREMANIGLIONIEUROPA,50,38
21151-0788,21151,0788,BILOTRADED.O.0,COMANDIEST.MAN.STANDARDNG,50,38
21151-1050,21151,1050,BILOTRADED.O.0,INCONTROELETTRICOPERLEGNO,50,19
21151-1802,21151,1802,BILOTRADED.O.0,CIL. OVALINI,50,5
21151-3165,21151,3165,BILOTRADED.O.0,"NUOVAMULTITOPMECC.TESTATA2.300MM-15,5",50,20
21151-4115,21151,4115,BILOTRADED.O.0,SERR.MONT.CIL.EUROLOGO,50,38
28765-0718,28765,0718,CENTRUMTRADED.O.O.,CHIUDIPORTA 60450 CREMAGLIERA,50,0
28765-1050,28765,1050,CENTRUMTRADED.O.O.,INCONTROELETTRICOPERLEGNO,50,19
28765-2830,28765,2830,CENTRUMTRADED.O.O.,ASIXEURO,50,10
28765-3640,28765,3640,CENTRUMTRADED.O.O.,CISAACCIAIORETTANGOLARI,50,5
28765-4115,28765,4115,CENTRUMTRADED.O.O.,SERR.MONT.CIL.EUROLOGO,50,38
28765-4518,28765,4518,CENTRUMTRADED.O.O.,LOGO.LINEINCAMICIATI,50,30
28765-4519,28765,4519,CENTRUMTRADED.O.O.,LUCCHETTICISALOGOLINEINSKINPACK,50,30
28765-4801,28765,4801,CENTRUMTRADED.O.O.,LOGO EUROPEO,50,30
26203-0718,26203,0718,DEZISCOMPANY,CHIUDIPORTA 60450 CREMAGLIERA,50,0
26203-3133,26203,3133,DEZISCOMPANY,SERR.MONT.SICUREZZA,50,42
26203-3135,26203,3135,DEZISCOMPANY,MULTIP.SICUREZZA,50,20
26203-4115,26203,4115,DEZISCOMPANY,SERR.MONT.CIL.EUROLOGO,50,38
26203-4515,26203,4515,DEZISCOMPANY,LOGO-LINERETTANGOLARI,50,30
26203-4518,26203,4518,DEZISCOMPANY,LOGO.LINEINCAMICIATI,50,30
26203-4523,26203,4523,DEZISCOMPANY,LOGOL30,50,15
26203-4524,26203,4524,DEZISCOMPANY,LOGOL40,50,15
26203-4525,26203,4525,DEZISCOMPANY,LOGOL50,50,15
29505-3640,29505,3640,HUDINID.O.O.,CISAACCIAIORETTANGOLARI,50,5
29505-4115,29505,4115,HUDINID.O.O.,SERR.MONT.CIL.EUROLOGO,50,38
29505-4515,29505,4515,HUDINID.O.O.,LOGO-LINERETTANGOLARI,50,30
29505-4524,29505,4524,HUDINID.O.O.,LOGOL40,50,15
29505-4532,29505,4532,HUDINID.O.O.,LOGOL25,50,15
29505-0984,29505,0984,HUDINID.O.O.,ACCESSORIPERPB,50,15
29505-1050,29505,1050,HUDINID.O.O.,INCONTROELETTRICOPERLEGNO,50,19
29505-2207,29505,2207,HUDINID.O.O.,SERR.DMA6NOT.XP.BLINDATE,50,24
29505-2211,29505,2211,HUDINID.O.O.,SERR.APPL.DM RICIFRABILE,50,24
29505-2830,29505,2830,HUDINID.O.O.,ASIXEURO,50,10
29505-2836,29505,2836,HUDINID.O.O.,ASIXP8EURO,50,20
27318-0984,27318,0984,HUDINYLOCKD.O.O.,ACCESSORIPERPB,50,15
27318-1050,27318,1050,HUDINYLOCKD.O.O.,INCONTROELETTRICOPERLEGNO,50,19
27318-2117,27318,2117,HUDINYLOCKD.O.O.,SER.INF.CIL.3M.,50,24
27318-2143,27318,2143,HUDINYLOCKD.O.O.,SERR.MECCANICAINFILAREFIRE,50,25
27318-2200,27318,2200,HUDINYLOCKD.O.O.,SERR.CIL.APPLICAREXP.BLINDATE,50,24
27318-2204,27318,2204,HUDINYLOCKD.O.O.,SERR.CIL.APPLICARE(L.C.)XPORTEBLINDATE,50,15
27318-2211,27318,2211,HUDINYLOCKD.O.O.,SERR.APPL.DM RICIFRABILE,50,24
27318-2836,27318,2836,HUDINYLOCKD.O.O.,ASIXP8EURO,50,20
27318-2B94,27318,2B94,HUDINYLOCKD.O.O.,SERR.D.F.CIL.CREM.+CIL.BLOCCO,50,24
27318-3191,27318,3191,HUDINYLOCKD.O.O.,SERR.D.T.DM+CIL(TIPOM),50,24
27318-3640,27318,3640,HUDINYLOCKD.O.O.,CISAACCIAIORETTANGOLARI,50,5
27318-4115,27318,4115,HUDINYLOCKD.O.O.,SERR.MONT.CIL.EUROLOGO,50,38
27318-4117,27318,4117,HUDINYLOCKD.O.O.,SERR.MONT.CIL.EUROLOCKINGLINE,50,38
27318-4515,27318,4515,HUDINYLOCKD.O.O.,LOGO-LINERETTANGOLARI,50,30
27318-4518,27318,4518,HUDINYLOCKD.O.O.,LOGO.LINEINCAMICIATI,50,30
27318-4520,27318,4520,HUDINYLOCKD.O.O.,LUCCHETTICONCOMBINAZIONEVARIABILECISALO,50,30
27318-4523,27318,4523,HUDINYLOCKD.O.O.,LOGOL30,50,15
27318-4524,27318,4524,HUDINYLOCKD.O.O.,LOGOL40,50,15
27318-4525,27318,4525,HUDINYLOCKD.O.O.,LOGOL50,50,15
27318-4531,27318,4531,HUDINYLOCKD.O.O.,LOGOL20,50,15
24147-0754,24147,0754,JELEND.O.O.,MANIGLIONEPUSHBARAPPLICAREFAST,50,38
24147-0783,24147,0783,JELEND.O.O.,DGTVISIONDAESTERNI,50,4
24147-0787,24147,0787,JELEND.O.O.,BARREMANIGLIONIEUROPA,50,40
24147-0788,24147,0788,JELEND.O.O.,COMANDIEST.MAN.STANDARDNG,50,38
24147-079A,24147,079A,JELEND.O.O.,ACCESSORIMANIGLIONEFAST,50,38
24147-0980,24147,0980,JELEND.O.O.,ACC.CILINDRI,50,0
24147-0981,24147,0981,JELEND.O.O.,ACCESSORISERR.ALLUMINIO,50,0
24147-0997,24147,0997,JELEND.O.O.,ACCESSORIPERCORPIELETTRICI,50,40
24147-0999,24147,0999,JELEND.O.O.,ELETTROMANIGLIE,50,40
24147-1052,24147,1052,JELEND.O.O.,CORPIELETTRICI,50,40
24147-2830,24147,2830,JELEND.O.O.,ASIXEURO,50,10
24147-3165,24147,3165,JELEND.O.O.,"NUOVAMULTITOPMECC.TESTATA2.300MM-15,5",50,20
24147-4115,24147,4115,JELEND.O.O.,SERR.MONT.CIL.EUROLOGO,50,38
24147-4801,24147,4801,JELEND.O.O.,LOGO EUROPEO,50,30
28496-0712,28496,0712,PENNYPLUSD.O.O.,CHIUDIPORTA605ACREMAGLIERA,50,30
28496-0718,28496,0718,PENNYPLUSD.O.O.,CHIUDIPORTA 60450 CREMAGLIERA,50,0
28496-0754,28496,0754,PENNYPLUSD.O.O.,MANIGLIONEPUSHBARAPPLICAREFAST,50,38
28496-0787,28496,0787,PENNYPLUSD.O.O.,BARREMANIGLIONIEUROPA,50,40
28496-0788,28496,0788,PENNYPLUSD.O.O.,COMANDIEST.MAN.STANDARDNG,50,38
28496-1050,28496,1050,PENNYPLUSD.O.O.,INCONTROELETTRICOPERLEGNO,50,19
28496-2830,28496,2830,PENNYPLUSD.O.O.,ASIXEURO,50,10
28496-4115,28496,4115,PENNYPLUSD.O.O.,SERR.MONT.CIL.EUROLOGO,50,38
28496-4117,28496,4117,PENNYPLUSD.O.O.,SERR.MONT.CIL.EUROLOCKINGLINE,50,38
28496-4133,28496,4133,PENNYPLUSD.O.O.,SERR.MONT.SICUREZZA,50,38
28496-4518,28496,4518,PENNYPLUSD.O.O.,LOGO.LINEINCAMICIATI,50,30
28496-4519,28496,4519,PENNYPLUSD.O.O.,LUCCHETTICISALOGOLINEINSKINPACK,50,30
28496-4520,28496,4520,PENNYPLUSD.O.O.,LUCCHETTICONCOMBINAZIONEVARIABILECISALO,50,30
24972-0756,24972,0756,ZALMOD.O.O.MOSTAR,MANIGLIONEPUSHBARINFILAREFAST,50,38
24972-0787,24972,0787,ZALMOD.O.O.MOSTAR,BARREMANIGLIONIEUROPA,50,40
24972-079A,24972,079A,ZALMOD.O.O.MOSTAR,ACCESSORIMANIGLIONEFAST,50,38
24972-0979,24972,0979,ZALMOD.O.O.MOSTAR,ACCESSORIPERSERR.ELETTRONICHEP.BLINDATE,50,15
24972-0980,24972,0980,ZALMOD.O.O.MOSTAR,ACC.CILINDRI,50,76
24972-0981,24972,0981,ZALMOD.O.O.MOSTAR,ACCESSORISERR.ALLUMINIO,50,10
24972-0984,24972,0984,ZALMOD.O.O.MOSTAR,ACCESSORIPERPB,50,20
24972-0997,24972,0997,ZALMOD.O.O.MOSTAR,ACCESSORIPERCORPIELETTRICI,50,40
24972-1052,24972,1052,ZALMOD.O.O.MOSTAR,CORPIELETTRICI,50,40
24972-2143,24972,2143,ZALMOD.O.O.MOSTAR,SERR.MECCANICAINFILAREFIRE,50,25
24972-2145,24972,2145,ZALMOD.O.O.MOSTAR,SERR.MECC.MONT.ANTIPANICOFIRE,50,25
24972-2194,24972,2194,ZALMOD.O.O.MOSTAR,SERR.D.T.CIL.CREM.+CIL.,50,25
24972-2200,24972,2200,ZALMOD.O.O.MOSTAR,SERR.CIL.APPLICAREXP.BLINDATE,50,24
24972-2202,24972,2202,ZALMOD.O.O.MOSTAR,SERR.ELETTRONICAXPORTEBLINDATE,50,27
24972-2204,24972,2204,ZALMOD.O.O.MOSTAR,SERR.CIL.APPLICARE(L.C.)XPORTEBLINDATE,50,28
24972-2206,24972,2206,ZALMOD.O.O.MOSTAR,SERR.CIL.APPLICAREXP.BLINDATE(ANTIPANICO),50,24
24972-2207,24972,2207,ZALMOD.O.O.MOSTAR,SERR.DMA6NOT.XP.BLINDATE,50,24
24972-2211,24972,2211,ZALMOD.O.O.MOSTAR,SERR.APPL.DM RICIFRABILE,50,47
24972-2805,24972,2805,ZALMOD.O.O.MOSTAR,C2000EURO,50,15
24972-2833,24972,2833,ZALMOD.O.O.MOSTAR,ASIXP8PRO,50,20
24972-2836,24972,2836,ZALMOD.O.O.MOSTAR,ASIXP8EURO,50,20
24972-3066,24972,3066,ZALMOD.O.O.MOSTAR,ATTUATOREELETTRICOPERSERR.AUTOMATICA,50,15
24972-3168,24972,3168,ZALMOD.O.O.MOSTAR,MULTIPUNTOAUTOMATICA,50,15
24972-3826,24972,3826,ZALMOD.O.O.MOSTAR,ASTRALTVARI,50,30
24972-3828,24972,3828,ZALMOD.O.O.MOSTAR,TEKNOPROEURO,50,30
24972-3875,24972,3875,ZALMOD.O.O.MOSTAR,AP4EURO,50,51
21151-0854,21151,0854,BILOTRADED.O.0,ALPHA PUSH APPLICARE,50,30
21151-0887,21151,0887,BILOTRADED.O.0,ALPHA BARRA,50,30
21151-0888,21151,0888,BILOTRADED.O.0,ALPHA COMANDI ESTERNI,50,30
21151-080A,21151,080A,BILOTRADED.O.0,ALPHA CHIUSURE SUPPLEMENTARI,50,30
21151-080K,21151,080K,BILOTRADED.O.0,ALPHA KIT,50,30
21151-0897,21151,0897,BILOTRADED.O.0,ALPHA INCONTRI ELETTRICI,50,0
21151-0898,21151,0898,BILOTRADED.O.0,ALPHA ACCESSORI,50,0
24147-0854,24147,0854,JELEND.O.O.,ALPHA PUSH APPLICARE,50,30
24147-0855,24147,0855,JELEND.O.O.,ALPHA TOUCH APPLICARE,50,30
24147-0887,24147,0887,JELEND.O.O.,ALPHA BARRA,50,30
24147-0888,24147,0888,JELEND.O.O.,ALPHA COMANDI ESTERNI,50,30
24147-080A,24147,080A,JELEND.O.O.,ALPHA CHIUSURE SUPPLEMENTARI,50,30
24147-080K,24147,080K,JELEND.O.O.,ALPHA KIT,50,30
24147-0897,24147,0897,JELEND.O.O.,ALPHA INCONTRI ELETTRICI,50,0
24147-0898,24147,0898,JELEND.O.O.,ALPHA ACCESSORI,50,0
28496-0854,28496,0854,PENNYPLUSD.O.O.,ALPHA PUSH APPLICARE,50,30
28496-0855,28496,0855,PENNYPLUSD.O.O.,ALPHA TOUCH APPLICARE,50,30
28496-0887,28496,0887,PENNYPLUSD.O.O.,ALPHA BARRA,50,30
28496-0888,28496,0888,PENNYPLUSD.O.O.,ALPHA COMANDI ESTERNI,50,30
28496-080A,28496,080A,PENNYPLUSD.O.O.,ALPHA CHIUSURE SUPPLEMENTARI,50,30
28496-080K,28496,080K,PENNYPLUSD.O.O.,ALPHA KIT,50,30
28496-0897,28496,0897,PENNYPLUSD.O.O.,ALPHA INCONTRI ELETTRICI,50,10
28496-0898,28496,0898,PENNYPLUSD.O.O.,ALPHA ACCESSORI,50,10
24972-0854,24972,0854,ZALMOD.O.O.MOSTAR,ALPHA PUSH APPLICARE,50,30
24972-0855,24972,0855,ZALMOD.O.O.MOSTAR,ALPHA TOUCH APPLICARE,50,30
24972-0887,24972,0887,ZALMOD.O.O.MOSTAR,ALPHA BARRA,50,30
24972-0888,24972,0888,ZALMOD.O.O.MOSTAR,ALPHA COMANDI ESTERNI,50,30
24972-080A,24972,080A,ZALMOD.O.O.MOSTAR,ALPHA CHIUSURE SUPPLEMENTARI,50,30
24972-080K,24972,080K,ZALMOD.O.O.MOSTAR,ALPHA KIT,50,30
24972-0897,24972,0897,ZALMOD.O.O.MOSTAR,ALPHA INCONTRI ELETTRICI,50,10
24972-0898,24972,0898,ZALMOD.O.O.MOSTAR,ALPHA ACCESSORI,50,10
24972-3710,24972,3710,ZALMOD.O.O.MOSTAR,INOVATE EURO,50,28
32244-0754,32244,0754,TEMPOPROFILI99DOO,MANIGLIONEPUSHBARAPPLICAREFAST,50,38
32244-0787,32244,0787,TEMPOPROFILI99DOO,BARREMANIGLIONIEUROPA,50,40
32244-0788,32244,0788,TEMPOPROFILI99DOO,COMANDIEST.MAN.STANDARDNG,50,38
32244-079A,32244,079A,TEMPOPROFILI99DOO,ACCESSORIMANIGLIONEFAST,50,38
22626-4115,22626,4115,VULEJUNIOR-N,SERR.MONT.CIL.EUROLOGO,50,38
22626-2217,22626,2217,VULEJUNIOR-N,SERR.DMI6NOT.XP.BLINDATE,50,24
22626-3211,22626,3211,VULEJUNIOR-N,SERR.APPLICAREDMRICIFRABILE(TIPOM),50,24
22626-2830,22626,2830,VULEJUNIOR-N,ASIXEURO,50,40
22626-2833,22626,2833,VULEJUNIOR-N,ASIXP8PRO,50,20
22626-3875,22626,3875,VULEJUNIOR-N,AP4EURO,50,30
22626-4801,22626,4801,VULEJUNIOR-N,LOGO EUROPEO,50,30
22626-0718,22626,0718,VULEJUNIOR-N,CHIUDIPORTA 60450 CREMAGLIERA,50,0
22626-4212,22626,4212,VULEJUNIOR-N,"NUOVAINF.""LOGOLINE""",50,0
22626-0985,22626,0985,VULEJUNIOR-N,ACCESSORIPERLUCCHETTI,50,0
22626-3640,22626,3640,VULEJUNIOR-N,CISAACCIAIORETTANGOLARI,50,5
22626-4515,22626,4515,VULEJUNIOR-N,LOGO-LINERETTANGOLARI,50,30
22626-4520,22626,4520,VULEJUNIOR-N,LUCCHETTICONCOMBINAZIONEVARIABILECISALO,50,30
22626-4523,22626,4523,VULEJUNIOR-N,LOGOL30,50,15
22626-4524,22626,4524,VULEJUNIOR-N,LOGOL40,50,15
22626-4525,22626,4525,VULEJUNIOR-N,LOGOL50,50,15
22626-0754,22626,0754,VULEJUNIOR-N,MANIGLIONEPUSHBARAPPLICAREFAST,50,38
22626-0783,22626,0783,VULEJUNIOR-N,DGT VISION DA ESTERNI,50,18
22626-0787,22626,0787,VULEJUNIOR-N,BARREMANIGLIONIEUROPA,50,40
22626-0788,22626,0788,VULEJUNIOR-N,COMANDIEST.MAN.STANDARDNG,50,38
22626-2805,22626,2805,VULEJUNIOR-N,C2000EURO,50,15
22626-0984,22626,0984,VULEJUNIOR-N,ACCESSORIPERPB,50,0
22626-2191,22626,2191,VULEJUNIOR-N,SERR.D.T.DM+CIL,50,24
22626-0980,22626,0980,VULEJUNIOR-N,ACC.CILINDRI,50,76
22626-2143,22626,2143,VULEJUNIOR-N,SERR.MECCANICAINFILAREFIRE,50,25
22626-3135,22626,3135,VULEJUNIOR-N,MULTIP.SICUREZZA,50,0
22626-0711,22626,0711,VULEJUNIOR-N,CHIUDIPORTA 604 A CREMAGLIERA,50,45
32244-0854,32244,0854,TEMPOPROFILI99DOO,ALPHA PUSH APPLICARE,50,30
32244-0855,32244,0855,TEMPOPROFILI99DOO,ALPHA TOUCH APPLICARE,50,30
32244-0887,32244,0887,TEMPOPROFILI99DOO,ALPHA BARRA,50,30
32244-0888,32244,0888,TEMPOPROFILI99DOO,ALPHA COMANDI ESTERNI,50,30
32244-080A,32244,080A,TEMPOPROFILI99DOO,ALPHA CHIUSURE SUPPLEMENTARI,50,30
32244-080K,32244,080K,TEMPOPROFILI99DOO,ALPHA KIT,50,30
32244-0897,32244,0897,TEMPOPROFILI99DOO,ALPHA INCONTRI ELETTRICI,50,0
32244-0898,32244,0898,TEMPOPROFILI99DOO,ALPHA ACCESSORI,50,0
22626-0854,22626,0854,VULEJUNIOR-N,ALPHA PUSH APPLICARE,50,30
22626-0855,22626,0855,VULEJUNIOR-N,ALPHA TOUCH APPLICARE,50,30
22626-0887,22626,0887,VULEJUNIOR-N,ALPHA BARRA,50,30
22626-0888,22626,0888,VULEJUNIOR-N,ALPHA COMANDI ESTERNI,50,30
22626-080A,22626,080A,VULEJUNIOR-N,ALPHA CHIUSURE SUPPLEMENTARI,50,30
22626-080K,22626,080K,VULEJUNIOR-N,ALPHA KIT,50,30
22626-0897,22626,0897,VULEJUNIOR-N,ALPHA INCONTRI ELETTRICI,50,0
22626-0898,22626,0898,VULEJUNIOR-N,ALPHA ACCESSORI,50,0
22626-4532,22626,4532,VULEJUNIOR-N,LOGO L25,50,15
21207-1802,21207,1802,DBTD.O.O.,CIL. OVALINI,50,10
21207-1901,21207,1901,DBTD.O.O.,SBOZZIAPERNI,50,0
21207-1018,21207,1018,DBTD.O.O.,PCPONTEVERNICIATE,50,-25
21207-1050,21207,1050,DBTD.O.O.,INCONTROELETTRICOPERLEGNO,50,36
21207-1506,21207,1506,DBTD.O.O.,CISA L50,50,10
21207-0975,21207,0975,DBTD.O.O.,"CONTOPIASTREINMETALLOPROFILI""PORTA""",50,35
21207-0981,21207,0981,DBTD.O.O.,ACCESSORISERR.ALLUMINIO,50,10
21207-0982,21207,0982,DBTD.O.O.,ACCESSORISERRATUREFERRO,50,10
21207-0985,21207,0985,DBTD.O.O.,ACCESSORIPERLUCCHETTI,50,10
21207-0986,21207,0986,DBTD.O.O.,ACCESSORI PER SERR. TAGLIAFUOCO,50,10
21207-0987,21207,0987,DBTD.O.O.,CONTROPIASTREINMETALLOPERSERR.ALLUMINIO,50,35
21207-0718,21207,0718,DBTD.O.O.,CHIUDIPORTA 60450 CREMAGLIERA,50,0
21207-0751,21207,0751,DBTD.O.O.,MANIGLIONIANTIP.XSERR.INF.,50,40
21207-0754,21207,0754,DBTD.O.O.,MANIGLIONEPUSHBARAPPLICAREFAST,50,38
21207-0755,21207,0755,DBTD.O.O.,MANIGLIONETOUCHBARAPPLICAREFAST,50,38
21207-0756,21207,0756,DBTD.O.O.,MANIGLIONEPUSHBARINFILAREFAST,50,40
21207-0757,21207,0757,DBTD.O.O.,MANIGLIONETOUCHBARINFILAREFAST,50,40
21207-075E,21207,075E,DBTD.O.O.,MANIGLIONE TOUCH BAR APPLICARE FAST ELETTRON,50,40
21207-075F,21207,075F,DBTD.O.O.,MANIGLIONETOUCHBARINFILAREFASTELETTRON,50,10
21207-0782,21207,0782,DBTD.O.O.,DGTVISIONDAMURARE,50,18
21207-0783,21207,0783,DBTD.O.O.,DGTVISIONDAESTERNI,50,18
21207-0786,21207,0786,DBTD.O.O.,BARREMANIGLIONISTANDARD,50,40
21207-0787,21207,0787,DBTD.O.O.,BARREMANIGLIONIEUROPA,50,40
21207-0788,21207,0788,DBTD.O.O.,COMANDIEST.MAN.STANDARDNG,50,38
21207-079A,21207,079A,DBTD.O.O.,ACCESSORIMANIGLIONEFAST,50,38
21207-0798,21207,0798,DBTD.O.O.,ACCESSORIMANIGLIONIPUSHBAR,50,10
21207-7200,21207,7200,DBTD.O.O.,MANIGLIEPERPORTAINOX,50,10
21207-2805,21207,2805,DBTD.O.O.,C2000EURO,50,15
21207-2806,21207,2806,DBTD.O.O.,C2000EUROSEMI/SMONTATI,50,15
21207-2807,21207,2807,DBTD.O.O.,C2000VARI,50,15
21207-2836,21207,2836,DBTD.O.O.,ASIXP8EURO,50,20
21207-2144,21207,2144,DBTD.O.O.,SERRATURAMONTANTEANTIPANICOSIKUREXIT,50,35
21207-2145,21207,2145,DBTD.O.O.,SERR.MECC.MONT.ANTIPANICOFIRE,50,25
21207-2146,21207,2146,DBTD.O.O.,SERR.MECC.INFILAREANTIPANICOFERRO,50,45
21207-2147,21207,2147,DBTD.O.O.,SERRATURAMULTIPUNTOANTIPANICO,50,35
21207-3640,21207,3640,DBTD.O.O.,CISAACCIAIORETTANGOLARI,50,5
21207-4801,21207,4801,DBTD.O.O.,LOGO EUROPEO,50,30
21207-4802,21207,4802,DBTD.O.O.,LOGO OVALI,50,0
21207-4115,21207,4115,DBTD.O.O.,SERR.MONT.CIL.EUROLOGO,50,38
21207-4117,21207,4117,DBTD.O.O.,SERR.MONT.CIL.EUROLOCKINGLINE,50,38
21207-4515,21207,4515,DBTD.O.O.,LOGO-LINERETTANGOLARI,50,30
21207-4517,21207,4517,DBTD.O.O.,LOGO-LINEMARINETYPE,50,30
21207-4560,21207,4560,DBTD.O.O.,LUCCH.LOCKING-LINEPOP,50,15
30000-1123,30000,1123,OSORPROMETD.O.O.,SERR.FASCIAH=77MM.,50,0
30000-0984,30000,0984,OSORPROMETD.O.O.,ACCESSORIPERPB,50,0
30000-0782,30000,0782,OSORPROMETD.O.O.,DGTVISIONDAMURARE,50,18
30000-0783,30000,0783,OSORPROMETD.O.O.,DGTVISIONDAESTERNI,50,18
30000-1015,30000,1015,OSORPROMETD.O.O.,PCPONTEEVERTICALEZINCATA,50,-25
30000-1101,30000,1101,OSORPROMETD.O.O.,PORTONCINOLEGNO,50,0
30000-3042,30000,3042,OSORPROMETD.O.O.,SERR.EL.MONT.SICUREZZA,50,0
30000-4115,30000,4115,OSORPROMETD.O.O.,SERR.MONT.CIL.EUROLOGO,50,38
30000-4802,30000,4802,OSORPROMETD.O.O.,LOGO OVALI,50,0
30000-0718,30000,0718,OSORPROMETD.O.O.,CHIUDIPORTA 60450 CREMAGLIERA,50,0
30000-1103,30000,1103,OSORPROMETD.O.O.,FERROGLIETTILEGNO,50,0
30000-3640,30000,3640,OSORPROMETD.O.O.,CISAACCIAIORETTANGOLARI,50,5
30000-0766,30000,0766,OSORPROMETD.O.O.,CASS.ESTERNISOLOCHIAVE,50,13
30000-1132,30000,1132,OSORPROMETD.O.O.,SERR.MONT.45010MONTATA,50,0
30000-1903,30000,1903,OSORPROMETD.O.O.,SBOZZIASTRAL,50,0
30000-3906,30000,3906,OSORPROMETD.O.O.,SBOZZISP,50,0
30000-2200,30000,2200,OSORPROMETD.O.O.,SERR.CIL.APPLICAREXP.BLINDATE,50,24
30000-2207,30000,2207,OSORPROMETD.O.O.,SERR.DMA6NOT.XP.BLINDATE,50,24
30000-3165,30000,3165,OSORPROMETD.O.O.,"NUOVAMULTITOPMECC.TESTATA2.300MM-15,5",50,20
30000-1213,30000,1213,OSORPROMETD.O.O.,DMILEGNO,50,0
30000-1215,30000,1215,OSORPROMETD.O.O.,DMI2MANDATELEGNO,50,0
30000-3111,30000,3111,OSORPROMETD.O.O.,NUOVAINF.OTT.I=85,50,0
30000-4212,30000,4212,OSORPROMETD.O.O.,"NUOVAINF.""LOGOLINE""",50,0
28879-2833,28879,2833,SUPERBRAVA,ASIXP8PRO,50,20
28879-3828,28879,3828,SUPERBRAVA,TEKNOPROEURO,50,30
28879-4515,28879,4515,SUPERBRAVA,LOGO-LINERETTANGOLARI,50,30
28879-4523,28879,4523,SUPERBRAVA,LOGOL30,50,15
28879-4524,28879,4524,SUPERBRAVA,LOGOL40,50,15
28879-4525,28879,4525,SUPERBRAVA,LOGOL50,50,15
28879-4531,28879,4531,SUPERBRAVA,LOGOL20,50,15
28879-4532,28879,4532,SUPERBRAVA,LOGOL25,50,15
28879-3909,28879,3909,SUPERBRAVA,SBOZZOTEKNO,50,0
28879-0984,28879,0984,SUPERBRAVA,ACCESSORIPERPB,50,0
28879-0980,28879,0980,SUPERBRAVA,ACC.CILINDRI,50,76
28879-0985,28879,0985,SUPERBRAVA,ACCESSORIPERLUCCHETTI,50,0
28879-3640,28879,3640,SUPERBRAVA,CISAACCIAIORETTANGOLARI,50,5
18326-0980,18326,0980,BLINDOD.O.O.,ACC.CILINDRI,50,76
18326-3828,18326,3828,BLINDOD.O.O.,TEKNOPROEURO,50,30
30931-0981,30931,0981,EUROTIMD.O.O.,ACCESSORISERR.ALLUMINIO,50,27
30931-0987,30931,0987,EUROTIMD.O.O.,CONTROPIASTREINMETALLOPERSERR.ALLUMINIO,50,35
30931-1131,30931,1131,EUROTIMD.O.O.,SERR.MONT.CIL.OVALE,50,19
30931-1802,30931,1802,EUROTIMD.O.O.,CIL. OVALINI,50,0
30931-3133,30931,3133,EUROTIMD.O.O.,SERR.MONT.SICUREZZA,50,45
30931-3165,30931,3165,EUROTIMD.O.O.,"NUOVAMULTITOPMECC.TESTATA2.300MM-15,5",50,20
30931-3166,30931,3166,EUROTIMD.O.O.,MULTIPUNTOMECCANICA3SCROCCHI,50,10
30931-4801,30931,4801,EUROTIMD.O.O.,LOGO EUROPEO,50,35
28583-0756,28583,0756,MARINEXPERTD.O.O.,MANIGLIONEPUSHBARINFILAREFAST,50,40
28583-0787,28583,0787,MARINEXPERTD.O.O.,BARREMANIGLIONIEUROPA,50,40
28583-0725,28583,0725,MARINEXPERTD.O.O.,CHIUDIPORTAHIGHEFFICIENCY,50,15
28583-2205,28583,2205,MARINEXPERTD.O.O.,SERR.CIL.APPLICAREXP.BLINDATE(RESIDENZIALE,50,24
28583-2850,28583,2850,MARINEXPERTD.O.O.,ASTRALEURO,50,30
28583-3194,28583,3194,MARINEXPERTD.O.O.,SERR.D.T.CIL.CREM+CIL(TIPOM),50,24
28583-3875,28583,3875,MARINEXPERTD.O.O.,AP4EURO,50,30
28583-3910,28583,3910,MARINEXPERTD.O.O.,SBOZZOAP4,50,0
30441-0712,30441,0712,TODOD.O.O.,CHIUDIPORTA605ACREMAGLIERA,50,45
30441-0718,30441,0718,TODOD.O.O.,CHIUDIPORTA 60450 CREMAGLIERA,50,0
30441-0754,30441,0754,TODOD.O.O.,MANIGLIONEPUSHBARAPPLICAREFAST,50,38
30441-0786,30441,0786,TODOD.O.O.,BARREMANIGLIONISTANDARD,50,40
30441-0787,30441,0787,TODOD.O.O.,BARREMANIGLIONIEUROPA,50,40
30441-0788,30441,0788,TODOD.O.O.,COMANDIEST.MAN.STANDARDNG,50,38
30441-0797,30441,0797,TODOD.O.O.,ACCESSORIMANIGLIONISTANDARD,50,40
30441-079A,30441,079A,TODOD.O.O.,ACCESSORIMANIGLIONEFAST,50,38
30441-0975,30441,0975,TODOD.O.O.,"CONTOPIASTREINMETALLOPROFILI""PORTA""",50,35
30441-0979,30441,0979,TODOD.O.O.,ACCESSORI PER SERR.ELETTRONICHE P. BLINDATE,50,20
30441-0980,30441,0980,TODOD.O.O.,ACC.CILINDRI,50,10
30441-0981,30441,0981,TODOD.O.O.,ACCESSORISERR.ALLUMINIO,50,10
30441-0983,30441,0983,TODOD.O.O.,ACCESSORIPERSERRATURELEGNO,50,10
30441-0984,30441,0984,TODOD.O.O.,ACCESSORIPERPB,50,10
30441-0987,30441,0987,TODOD.O.O.,CONTROPIASTREINMETALLOPERSERR.ALLUMINIO,50,35
30441-1018,30441,1018,TODOD.O.O.,PCPONTEVERNICIATE,50,-25
30441-1032,30441,1032,TODOD.O.O.,SERR.EL.FASCIAH=64MM.,50,10
30441-1132,30441,1132,TODOD.O.O.,SERR.MONT.45010MONTATA,50,10
30441-1901,30441,1901,TODOD.O.O.,SBOZZIAPERNI,50,0
30441-2144,30441,2144,TODOD.O.O.,SERRATURAMONTANTEANTIPANICOSIKUREXIT,50,35
30441-2145,30441,2145,TODOD.O.O.,SERR.MECC.MONT.ANTIPANICOFIRE,50,25
30441-2147,30441,2147,TODOD.O.O.,SERRATURAMULTIPUNTOANTIPANICO,50,35
30441-2211,30441,2211,TODOD.O.O.,SERR.APPL.DM RICIFRABILE,50,24
30441-2220,30441,2220,TODOD.O.O.,MULTIPUNTOECONOMICAACILINDRO,50,10
30441-2805,30441,2805,TODOD.O.O.,C2000EURO,50,15
30441-2836,30441,2836,TODOD.O.O.,ASIXP8EURO,50,20
30441-3042,30441,3042,TODOD.O.O.,SERR.EL.MONT.SICUREZZA,50,0
30441-3062,30441,3062,TODOD.O.O.,"NUOVAMULTITOPEL.TESTATACORTA-15,5MM",50,5
30441-3133,30441,3133,TODOD.O.O.,SERR.MONT.SICUREZZA,50,42
30441-3135,30441,3135,TODOD.O.O.,MULTIP.SICUREZZA,50,0
30441-3165,30441,3165,TODOD.O.O.,"NUOVAMULTITOPMECC.TESTATA2.300MM-15,5",50,20
30441-3640,30441,3640,TODOD.O.O.,CISAACCIAIORETTANGOLARI,50,5
30441-4115,30441,4115,TODOD.O.O.,SERR.MONT.CIL.EUROLOGO,50,38
30441-4525,30441,4525,TODOD.O.O.,LOGOL50,50,15
30441-4801,30441,4801,TODOD.O.O.,LOGO EUROPEO,50,30
24600-0718,24600,0718,ZEKICD.O.O.,CHIUDIPORTA 60450 CREMAGLIERA,50,0
24600-0754,24600,0754,ZEKICD.O.O.,MANIGLIONEPUSHBARAPPLICAREFAST,50,38
24600-0786,24600,0786,ZEKICD.O.O.,BARREMANIGLIONISTANDARD,50,40
24600-0787,24600,0787,ZEKICD.O.O.,BARREMANIGLIONIEUROPA,50,40
24600-0788,24600,0788,ZEKICD.O.O.,COMANDIEST.MAN.STANDARDNG,50,38
24600-0796,24600,0796,ZEKICD.O.O.,ACCESSORI MAN. VECCHI + EUROPA,50,10
24600-079A,24600,079A,ZEKICD.O.O.,ACCESSORIMANIGLIONEFAST,50,38
24600-0975,24600,0975,ZEKICD.O.O.,"CONTOPIASTREINMETALLOPROFILI""PORTA""",50,35
24600-0981,24600,0981,ZEKICD.O.O.,ACCESSORISERR.ALLUMINIO,50,10
24600-0987,24600,0987,ZEKICD.O.O.,CONTROPIASTREINMETALLOPERSERR.ALLUMINIO,50,35
24600-0997,24600,0997,ZEKICD.O.O.,ACCESSORIPERCORPIELETTRICI,50,40
24600-1052,24600,1052,ZEKICD.O.O.,CORPIELETTRICI,50,40
24600-1122,24600,1122,ZEKICD.O.O.,SERR.FASCIA H=44 MM.,50,14
24600-1123,24600,1123,ZEKICD.O.O.,SERR.FASCIAH=77MM.,50,15
24600-1802,24600,1802,ZEKICD.O.O.,CIL. OVALINI,50,10
24600-2805,24600,2805,ZEKICD.O.O.,C2000EURO,50,24
24600-3133,24600,3133,ZEKICD.O.O.,SERR.MONT.SICUREZZA,50,42
24600-3165,24600,3165,ZEKICD.O.O.,"NUOVAMULTITOPMECC.TESTATA2.300MM-15,5",50,20
24600-4115,24600,4115,ZEKICD.O.O.,SERR.MONT.CIL.EUROLOGO,50,38
24600-4801,24600,4801,ZEKICD.O.O.,LOGO EUROPEO,50,30
21207-0854,21207,0854,DBTD.O.O.,ALPHA PUSH APPLICARE,50,30
21207-0855,21207,0855,DBTD.O.O.,ALPHA TOUCH APPLICARE,50,30
21207-0887,21207,0887,DBTD.O.O.,ALPHA BARRA,50,30
21207-0888,21207,0888,DBTD.O.O.,ALPHA COMANDI ESTERNI,50,30
21207-080A,21207,080A,DBTD.O.O.,ALPHA CHIUSURE SUPPLEMENTARI,50,30
21207-080K,21207,080K,DBTD.O.O.,ALPHA KIT,50,30
21207-0897,21207,0897,DBTD.O.O.,ALPHA INCONTRI ELETTRICI,50,10
21207-0898,21207,0898,DBTD.O.O.,ALPHA ACCESSORI,50,10
21207-1903,21207,1903,DBTD.O.O.,SBOZZI ASTRAL,50,0
21207-1SCE,21207,1SCE,DBTD.O.O.,CASS.SOLO CHIAVE ESTERNI 1 STELLA,50,20
21207-1106,21207,1106,DBTD.O.O.,FERROGLIETTI ZINCATI,50,0
21207-1218,21207,1218,DBTD.O.O.,SERR. DMI 2 MANDATE FERRO,50,0
21207-3042,21207,3042,DBTD.O.O.,SERR.EL.MONT.SICUREZZA,50,10
30000-0854,30000,0854,OSORPROMETD.O.O.,ALPHA PUSH APPLICARE,50,30
30000-0855,30000,0855,OSORPROMETD.O.O.,ALPHA TOUCH APPLICARE,50,30
30000-0887,30000,0887,OSORPROMETD.O.O.,ALPHA BARRA,50,30
30000-0888,30000,0888,OSORPROMETD.O.O.,ALPHA COMANDI ESTERNI,50,30
30000-080A,30000,080A,OSORPROMETD.O.O.,ALPHA CHIUSURE SUPPLEMENTARI,50,30
30000-080K,30000,080K,OSORPROMETD.O.O.,ALPHA KIT,50,30
30000-0897,30000,0897,OSORPROMETD.O.O.,ALPHA INCONTRI ELETTRICI,50,0
30000-0898,30000,0898,OSORPROMETD.O.O.,ALPHA ACCESSORI,50,0
28879-0854,28879,0854,SUPERBRAVA,ALPHA PUSH APPLICARE,50,30
28879-0855,28879,0855,SUPERBRAVA,ALPHA TOUCH APPLICARE,50,30
28879-0887,28879,0887,SUPERBRAVA,ALPHA BARRA,50,30
28879-0888,28879,0888,SUPERBRAVA,ALPHA COMANDI ESTERNI,50,30
28879-080A,28879,080A,SUPERBRAVA,ALPHA CHIUSURE SUPPLEMENTARI,50,30
28879-080K,28879,080K,SUPERBRAVA,ALPHA KIT,50,30
28879-0897,28879,0897,SUPERBRAVA,ALPHA INCONTRI ELETTRICI,50,0
28879-0898,28879,0898,SUPERBRAVA,ALPHA ACCESSORI,50,0
28879-3710,28879,3710,SUPERBRAVA,INOVATE EURO,50,28
18326-3710,18326,3710,BLINDOD.O.O.,INOVATE EURO,50,28
18326-1903,18326,1903,BLINDOD.O.O.,SBOZZI ASTRAL,50,0
28583-0854,28583,0854,MARINEXPERTD.O.O.,ALPHA PUSH APPLICARE,50,30
28583-0855,28583,0855,MARINEXPERTD.O.O.,ALPHA TOUCH APPLICARE,50,30
28583-0887,28583,0887,MARINEXPERTD.O.O.,ALPHA BARRA,50,30
28583-0888,28583,0888,MARINEXPERTD.O.O.,ALPHA COMANDI ESTERNI,50,30
28583-080A,28583,080A,MARINEXPERTD.O.O.,ALPHA CHIUSURE SUPPLEMENTARI,50,30
28583-080K,28583,080K,MARINEXPERTD.O.O.,ALPHA KIT,50,30
28583-0897,28583,0897,MARINEXPERTD.O.O.,ALPHA INCONTRI ELETTRICI,50,0
28583-0898,28583,0898,MARINEXPERTD.O.O.,ALPHA ACCESSORI,50,0
30441-0854,30441,0854,TODOD.O.O.,ALPHA PUSH APPLICARE,50,30
30441-0855,30441,0855,TODOD.O.O.,ALPHA TOUCH APPLICARE,50,30
30441-0887,30441,0887,TODOD.O.O.,ALPHA BARRA,50,30
30441-0888,30441,0888,TODOD.O.O.,ALPHA COMANDI ESTERNI,50,30
30441-080A,30441,080A,TODOD.O.O.,ALPHA CHIUSURE SUPPLEMENTARI,50,30
30441-080K,30441,080K,TODOD.O.O.,ALPHA KIT,50,30
30441-0897,30441,0897,TODOD.O.O.,ALPHA INCONTRI ELETTRICI,50,0
30441-0898,30441,0898,TODOD.O.O.,ALPHA ACCESSORI,50,0
24600-0854,24600,0854,ZEKICD.O.O.,ALPHA PUSH APPLICARE,50,30
24600-0855,24600,0855,ZEKICD.O.O.,ALPHA TOUCH APPLICARE,50,30
24600-0887,24600,0887,ZEKICD.O.O.,ALPHA BARRA,50,30
24600-0888,24600,0888,ZEKICD.O.O.,ALPHA COMANDI ESTERNI,50,30
24600-080A,24600,080A,ZEKICD.O.O.,ALPHA CHIUSURE SUPPLEMENTARI,50,30
24600-080K,24600,080K,ZEKICD.O.O.,ALPHA KIT,50,30
24600-0897,24600,0897,ZEKICD.O.O.,ALPHA INCONTRI ELETTRICI,50,0
24600-0898,24600,0898,ZEKICD.O.O.,ALPHA ACCESSORI,50,0
29859-0854,29859,0854,KOLNOAVRATADOO,ALPHA PUSH APPLICARE,50,30
29859-0855,29859,0855,KOLNOAVRATADOO,ALPHA TOUCH APPLICARE,50,30
29859-0887,29859,0887,KOLNOAVRATADOO,ALPHA BARRA,50,30
29859-0888,29859,0888,KOLNOAVRATADOO,ALPHA COMANDI ESTERNI,50,30
29859-080A,29859,080A,KOLNOAVRATADOO,ALPHA CHIUSURE SUPPLEMENTARI,50,30
29859-080K,29859,080K,KOLNOAVRATADOO,ALPHA KIT,50,30
29859-0897,29859,0897,KOLNOAVRATADOO,ALPHA INCONTRI ELETTRICI,50,0
29859-0898,29859,0898,KOLNOAVRATADOO,ALPHA ACCESSORI,50,0
29859-0986,29859,0986,KOLNOAVRATADOO,ACCESSORI PER SERR. TAGLIAFUOCO,50,0
29859-0725,29859,0725,KOLNOAVRATADOO,CHIUDIPORTA HIGH EFFICIENCY,50,16
29859-0786,29859,0786,KOLNOAVRATADOO,BARRE MANIGLIONI STANDARD,50,40
29859-2830,29859,2830,KOLNOAVRATADOO,ASIX EURO,50,10
29859-2836,29859,2836,KOLNOAVRATADOO,ASIX P8 EURO,50,22
29859-4801,29859,4801,KOLNOAVRATADOO,LOGO EUROPEO,50,45
29859-2805,29859,2805,KOLNOAVRATADOO,C2000 EURO,50,15
29859-2807,29859,2807,KOLNOAVRATADOO,C2000 VARI,50,15
29859-2850,29859,2850,KOLNOAVRATADOO,ASTRAL EURO,50,30
29859-2862,29859,2862,KOLNOAVRATADOO,ASTRAL S FRIZ.,50,30
29859-3875,29859,3875,KOLNOAVRATADOO,AP4 EURO,50,30
29859-3880,29859,3880,KOLNOAVRATADOO,NEW RS3,50,20
29859-3610,29859,3610,KOLNOAVRATADOO,CISA ACCIAIO AD ARCO,50,29
29859-3640,29859,3640,KOLNOAVRATADOO,CISA ACCIAIO RETTANGOLARI,50,5
29859-4515,29859,4515,KOLNOAVRATADOO,LOGO,50,30
29859-4517,29859,4517,KOLNOAVRATADOO,LOGO,50,30
29859-4518,29859,4518,KOLNOAVRATADOO,LOGO.LINE INCAMICIATI,50,30
29859-4519,29859,4519,KOLNOAVRATADOO,LUCCHETTI CISA LOGOLINE IN SKIN PACK,50,30
29859-4520,29859,4520,KOLNOAVRATADOO,LUCCHETTI CON COMBINAZIONE VARIABILE CISA LO,50,30
29859-4523,29859,4523,KOLNOAVRATADOO,LOGO L30,50,16
29859-4524,29859,4524,KOLNOAVRATADOO,LOGO L40,50,16
29859-4525,29859,4525,KOLNOAVRATADOO,LOGO L50,50,16
29859-4531,29859,4531,KOLNOAVRATADOO,LOGO L20,50,16
29859-4532,29859,4532,KOLNOAVRATADOO,LOGO L25,50,16
29859-4560,29859,4560,KOLNOAVRATADOO,LUCCH.LOCKING,50,16
29859-1050,29859,1050,KOLNOAVRATADOO,INCONTRO ELETTRICO PER LEGNO,50,19
29859-1052,29859,1052,KOLNOAVRATADOO,CORPI ELETTRICI,50,40
29859-3133,29859,3133,KOLNOAVRATADOO,SERR.MONT.SICUREZZA,50,43
29859-4133,29859,4133,KOLNOAVRATADOO,SERR.MONT.SICUREZZA,50,38
29859-4115,29859,4115,KOLNOAVRATADOO,SERR.MONT.CIL.EURO LOGO,50,38
29859-0975,29859,0975,KOLNOAVRATADOO,"CONTOPIASTRE IN METALLO PROFILI ""PORTA""",50,35
29859-0987,29859,0987,KOLNOAVRATADOO,CONTROPIASTRE IN METALLO PER SERR.ALLUMINIO,50,35
29859-0981,29859,0981,KOLNOAVRATADOO,ACCESSORI SERR. ALLUMINIO,50,10
29859-3165,29859,3165,KOLNOAVRATADOO,NUOVA MULTITOP MECC.TESTATA 2.300 MM ,50,22
29859-3168,29859,3168,KOLNOAVRATADOO,MULTIPUNTO AUTOMATICA,50,15
29859-3066,29859,3066,KOLNOAVRATADOO,ATTUATORE ELETTRICO PER SERR.AUTOMATICA,50,15
29859-2147,29859,2147,KOLNOAVRATADOO,SERRATURA MULTIPUNTO ANTIPANICO,50,35
29859-2143,29859,2143,KOLNOAVRATADOO,SERR.MECCANICA INFILARE FIRE,50,25
29859-2144,29859,2144,KOLNOAVRATADOO,SERRATURA MONTANTE ANTIPANICO SIKUREXIT,50,35
29859-2145,29859,2145,KOLNOAVRATADOO,SERR. MECC. MONT. ANTIPANICO FIRE,50,25
29859-2146,29859,2146,KOLNOAVRATADOO,SERR. MECC.INFILARE ANTIPANICO FERRO,50,45
29859-0718,29859,0718,KOLNOAVRATADOO,CHIUDIPORTA 60450 CREMAGLIERA,50,16
29859-0711,29859,0711,KOLNOAVRATADOO,CHIUDIPORTA 604 A CREMAGLIERA,50,45
32668-0712,32668,0712,SERVISZABRAVE,CHIUDIPORTA 605 A CREMAGLIERA,50,45
32668-0718,32668,0718,SERVISZABRAVE,CHIUDIPORTA 60450 CREMAGLIERA,50,0
32668-0751,32668,0751,SERVISZABRAVE,MANIGLIONI ANTIP. X SERR. INF.,50,40
32668-0769,32668,0769,SERVISZABRAVE,CASS.EST.CHIAVE+COMB. 3 POM.,50,0
32668-0783,32668,0783,SERVISZABRAVE,DGT VISION DA ESTERNI,50,31
32668-0787,32668,0787,SERVISZABRAVE,BARRE MANIGLIONI EUROPA,50,40
32668-0788,32668,0788,SERVISZABRAVE,COMANDIEST.MAN.STANDARDNG,50,38
32668-0980,32668,0980,SERVISZABRAVE,ACC.CILINDRI,50,76
32668-0985,32668,0985,SERVISZABRAVE,ACCESSORI PER LUCCHETTI,50,0
32668-1359,32668,1359,SERVISZABRAVE,PUBBLICITA',50,0
32668-2145,32668,2145,SERVISZABRAVE,SERR. MECC. MONT. ANTIPANICO FIRE,50,25
32668-2146,32668,2146,SERVISZABRAVE,SERR. MECC.INFILARE ANTIPANICO FERRO,50,45
32668-2191,32668,2191,SERVISZABRAVE,SERR. D.T. DM+CIL,50,24
32668-2200,32668,2200,SERVISZABRAVE,SERR.CIL.APPLICARE X P.BLINDATE,50,24
32668-2204,32668,2204,SERVISZABRAVE,SERR.CIL.APPLICARE (L.C.) X PORTE BLINDATE,50,15
32668-2207,32668,2207,SERVISZABRAVE,SERR.DMA 6NOT. X P.BLINDATE,50,24
32668-2214,32668,2214,SERVISZABRAVE,SERR.CIL.INFILARE X PORTE BLINDATE (L.C.),50,15
32668-2219,32668,2219,SERVISZABRAVE,MULTIPUNTO CILINDRO,50,0
32668-3200,32668,3200,SERVISZABRAVE,SERR.CIL.APPLICARE X P.BLINDATE (TIPO M),50,35
32668-3207,32668,3207,SERVISZABRAVE,SERR.DMA 6NOT. X P. BLINDATE (TIPO M),50,35
32668-3640,32668,3640,SERVISZABRAVE,CISA ACCIAIO RETTANGOLARI,50,5
32668-3875,32668,3875,SERVISZABRAVE,AP4 EURO,50,30
32668-3876,32668,3876,SERVISZABRAVE,AP4 VARI,50,30
32668-3877,32668,3877,SERVISZABRAVE,AP4SMONTATO,50,30
32668-3878,32668,3878,SERVISZABRAVE,AP4S MODULO,50,20
32668-0978,32668,0978,SERVISZABRAVE,ACC.MODULARE,50,20
32668-3910,32668,3910,SERVISZABRAVE,SBOZZO AP4,50,30
32668-4115,32668,4115,SERVISZABRAVE,SERR.MONT.CIL.EURO LOGO,50,38
32668-4519,32668,4519,SERVISZABRAVE,LUCCHETTI CISA LOGOLINE IN SKIN PACK,50,37
32668-4520,32668,4520,SERVISZABRAVE,LUCCHETTI CON COMBINAZIONE VARIABILE CISA LO,50,30
32668-4523,32668,4523,SERVISZABRAVE,LOGO L30,50,30
32668-4524,32668,4524,SERVISZABRAVE,LOGO L40,50,16
32668-4525,32668,4525,SERVISZABRAVE,LOGO L50,50,16
32668-4526,32668,4526,SERVISZABRAVE,LOGO L60,50,16
32668-4527,32668,4527,SERVISZABRAVE,LOGO L70,50,16
32668-4531,32668,4531,SERVISZABRAVE,LOGO L20,50,16
32668-4532,32668,4532,SERVISZABRAVE,LOGO L25,50,16
27910-0712,27910,0712,KOALJHD.O.O,CHIUDIPORTA605ACREMAGLIERA,50,45
27910-0725,27910,0725,KOALJHD.O.O,CHIUDIPORTAHIGHEFFICIENCY,50,48
27910-0756,27910,0756,KOALJHD.O.O,MANIGLIONEPUSHBARINFILAREFAST,50,38
27910-075E,27910,075E,KOALJHD.O.O,MANIGLIONE TOUCH BAR APPLICARE FAST ELETTRON,50,10
27910-0792,27910,0792,KOALJHD.O.O,ACCESSORIXCHIUDIPORTAAEREI,50,0
27910-2142,27910,2142,KOALJHD.O.O,SERR.MECC.MONT.FIREFERRO,50,0
27910-2143,27910,2143,KOALJHD.O.O,SERR.MECCANICAINFILAREFIRE,50,25
27910-3133,27910,3133,KOALJHD.O.O,SERR.MONT.SICUREZZA,50,5
27910-3165,27910,3165,KOALJHD.O.O,"NUOVAMULTITOPMECC.TESTATA2.300MM-15,5",50,20
30502-0712,30502,0712,OSORPROMETD.O.O.,CHIUDIPORTA605ACREMAGLIERA,50,45
30502-0792,30502,0792,OSORPROMETD.O.O.,ACCESSORIXCHIUDIPORTAAEREI,50,0
30502-0984,30502,0984,OSORPROMETD.O.O.,ACCESSORIPERPB,50,0
30502-2143,30502,2143,OSORPROMETD.O.O.,SERR.MECCANICAINFILAREFIRE,50,25
30502-2144,30502,2144,OSORPROMETD.O.O.,SERRATURAMONTANTEANTIPANICOSIKUREXIT,50,35
30502-2146,30502,2146,OSORPROMETD.O.O.,SERR.MECC.INFILAREANTIPANICOFERRO,50,45
30502-2200,30502,2200,OSORPROMETD.O.O.,SERR.CIL.APPLICAREXP.BLINDATE,50,24
30502-2202,30502,2202,OSORPROMETD.O.O.,SERR.ELETTRONICAXPORTEBLINDATE,50,19
30502-3165,30502,3165,OSORPROMETD.O.O.,"NUOVAMULTITOPMECC.TESTATA2.300MM-15,5",50,20
25108-2145,25108,2145,PANTALD.O.O.,SERR.MECC.MONT.ANTIPANICOFIRE,50,25
25108-4115,25108,4115,PANTALD.O.O.,SERR.MONT.CIL.EUROLOGO,50,44
25108-0754,25108,0754,PANTALD.O.O.,MANIGLIONEPUSHBARAPPLICAREFAST,50,25
25108-0786,25108,0786,PANTALD.O.O.,BARREMANIGLIONISTANDARD,50,25
25108-0787,25108,0787,PANTALD.O.O.,BARREMANIGLIONIEUROPA,50,25
25108-0788,25108,0788,PANTALD.O.O.,COMANDIEST.MAN.STANDARDNG,50,25
30873-0980,30873,0980,VLOMD.O.O.,ACC.CILINDRI,50,76
30873-2200,30873,2200,VLOMD.O.O.,SERR.CIL.APPLICAREXP.BLINDATE,50,40
30873-2836,30873,2836,VLOMD.O.O.,ASIXP8EURO,50,20
27910-0854,27910,0854,KOALJHD.O.O,ALPHA PUSH APPLICARE,50,30
27910-0855,27910,0855,KOALJHD.O.O,ALPHA TOUCH APPLICARE,50,30
27910-0887,27910,0887,KOALJHD.O.O,ALPHA BARRA,50,30
27910-0888,27910,0888,KOALJHD.O.O,ALPHA COMANDI ESTERNI,50,30
27910-080A,27910,080A,KOALJHD.O.O,ALPHA CHIUSURE SUPPLEMENTARI,50,30
27910-080K,27910,080K,KOALJHD.O.O,ALPHA KIT,50,30
27910-0897,27910,0897,KOALJHD.O.O,ALPHA INCONTRI ELETTRICI,50,0
27910-0898,27910,0898,KOALJHD.O.O,ALPHA ACCESSORI,50,0
25108-0854,25108,0854,PANTALD.O.O.,ALPHA PUSH APPLICARE,50,17
25108-0855,25108,0855,PANTALD.O.O.,ALPHA TOUCH APPLICARE,50,17
25108-0887,25108,0887,PANTALD.O.O.,ALPHA BARRA,50,17
25108-0888,25108,0888,PANTALD.O.O.,ALPHA COMANDI ESTERNI,50,17
25108-080A,25108,080A,PANTALD.O.O.,ALPHA CHIUSURE SUPPLEMENTARI,50,17
25108-080K,25108,080K,PANTALD.O.O.,ALPHA KIT,50,17
25108-0897,25108,0897,PANTALD.O.O.,ALPHA INCONTRI ELETTRICI,50,0
25108-0898,25108,0898,PANTALD.O.O.,ALPHA ACCESSORI,50,0
25108-0756,25108,0756,PANTALD.O.O.,MANIGLIONE PUSH BAR INFILARE FAST,50,25
26749-2153,26749,2153,ARPLTD.,SERRATURAMITOSTANDARDCINA,50,65
29523-0718,29523,0718,BERLINEREOOD,CHIUDIPORTA 60450 CREMAGLIERA,50,0
29523-0754,29523,0754,BERLINEREOOD,MANIGLIONEPUSHBARAPPLICAREFAST,50,38
29523-0787,29523,0787,BERLINEREOOD,BARREMANIGLIONIEUROPA,50,40
29523-0788,29523,0788,BERLINEREOOD,COMANDIEST.MAN.STANDARDNG,50,38
29523-079A,29523,079A,BERLINEREOOD,ACCESSORIMANIGLIONEFAST,50,38
29523-2805,29523,2805,BERLINEREOOD,C2000EURO,50,15
29523-3165,29523,3165,BERLINEREOOD,"NUOVAMULTITOPMECC.TESTATA2.300MM-15,5",50,25
29523-4115,29523,4115,BERLINEREOOD,SERR.MONT.CIL.EUROLOGO,50,38
29523-4801,29523,4801,BERLINEREOOD,LOGO EUROPEO,50,30
31455-0754,31455,0754,BIBIMILENMARINOVET,MANIGLIONEPUSHBARAPPLICAREFAST,50,38
31455-0787,31455,0787,BIBIMILENMARINOVET,BARREMANIGLIONIEUROPA,50,40
31455-0788,31455,0788,BIBIMILENMARINOVET,COMANDIEST.MAN.STANDARDNG,50,38
31455-0984,31455,0984,BIBIMILENMARINOVET,ACCESSORIPERPB,50,0
31455-2210,31455,2210,BIBIMILENMARINOVET,SERR.CIL.INFILAREXP.BLINDATE,50,24
31455-2212,31455,2212,BIBIMILENMARINOVET,SERR.INF.DMRICIFRABILE,50,24
25003-0984,25003,0984,INTESALTDSOFIA,ACCESSORIPERPB,50,15
25003-1122,25003,1122,INTESALTDSOFIA,SERR.FASCIA H=44 MM.,50,0
25003-2210,25003,2210,INTESALTDSOFIA,SERR.CIL.INFILAREXP.BLINDATE,50,24
25003-2212,25003,2212,INTESALTDSOFIA,SERR.INF.DMRICIFRABILE,50,39
28859-0754,28859,0754,PASADOORLTD,MANIGLIONEPUSHBARAPPLICAREFAST,50,38
28859-0787,28859,0787,PASADOORLTD,BARREMANIGLIONIEUROPA,50,40
28859-0788,28859,0788,PASADOORLTD,COMANDIEST.MAN.STANDARDNG,50,38
28859-079A,28859,079A,PASADOORLTD,ACCESSORIMANIGLIONEFAST,50,38
28859-0975,28859,0975,PASADOORLTD,"CONTOPIASTREINMETALLOPROFILI""PORTA""",50,35
28859-0981,28859,0981,PASADOORLTD,ACCESSORISERR.ALLUMINIO,50,0
28859-0982,28859,0982,PASADOORLTD,ACCESSORISERRATUREFERRO,50,0
28859-0987,28859,0987,PASADOORLTD,CONTROPIASTREINMETALLOPERSERR.ALLUMINIO,50,35
28859-2144,28859,2144,PASADOORLTD,SERRATURAMONTANTEANTIPANICOSIKUREXIT,50,35
28859-2147,28859,2147,PASADOORLTD,SERRATURAMULTIPUNTOANTIPANICO,50,35
28859-3066,28859,3066,PASADOORLTD,ATTUATOREELETTRICOPERSERR.AUTOMATICA,50,15
28859-3165,28859,3165,PASADOORLTD,"NUOVAMULTITOPMECC.TESTATA2.300MM-15,5",50,25
28859-3168,28859,3168,PASADOORLTD,MULTIPUNTOAUTOMATICA,50,15
32162-0754,32162,0754,MAVERICKINTERNATIONALLTD.,MANIGLIONEPUSHBARAPPLICAREFAST,50,38
32162-0755,32162,0755,MAVERICKINTERNATIONALLTD.,MANIGLIONETOUCHBARAPPLICAREFAST,50,38
32162-075A,32162,075A,MAVERICKINTERNATIONALLTD.,"MANIGLIAANTIPANICO""PUSHPAD""",50,40
32162-075E,32162,075E,MAVERICKINTERNATIONALLTD.,MANIGLIONE TOUCH BAR APPLICARE FAST ELETTRON,50,10
32162-075F,32162,075F,MAVERICKINTERNATIONALLTD.,MANIGLIONETOUCHBARINFILAREFASTELETTRON,50,10
32162-0787,32162,0787,MAVERICKINTERNATIONALLTD.,BARREMANIGLIONIEUROPA,50,40
32162-0788,32162,0788,MAVERICKINTERNATIONALLTD.,COMANDIEST.MAN.STANDARDNG,50,38
32162-079A,32162,079A,MAVERICKINTERNATIONALLTD.,ACCESSORIMANIGLIONEFAST,50,38
32162-0978,32162,0978,MAVERICKINTERNATIONALLTD.,ACC.MODULARE,50,0
32162-0980,32162,0980,MAVERICKINTERNATIONALLTD.,ACC.CILINDRI,50,76
32162-0981,32162,0981,MAVERICKINTERNATIONALLTD.,ACCESSORISERR.ALLUMINIO,50,30
32162-0982,32162,0982,MAVERICKINTERNATIONALLTD.,ACCESSORISERRATUREFERRO,50,30
32162-0984,32162,0984,MAVERICKINTERNATIONALLTD.,ACCESSORIPERPB,50,32
32162-0997,32162,0997,MAVERICKINTERNATIONALLTD.,ACCESSORIPERCORPIELETTRICI,50,40
32162-1052,32162,1052,MAVERICKINTERNATIONALLTD.,CORPIELETTRICI,50,40
32162-2021,32162,2021,MAVERICKINTERNATIONALLTD.,SERR.EL.INFILARELEGNO,50,10
32162-2145,32162,2145,MAVERICKINTERNATIONALLTD.,SERR.MECC.MONT.ANTIPANICOFIRE,50,25
32162-2146,32162,2146,MAVERICKINTERNATIONALLTD.,SERR.MECC.INFILAREANTIPANICOFERRO,50,45
32162-2193,32162,2193,MAVERICKINTERNATIONALLTD.,SERR.D.T.DM.RIC.+CIL.,50,50
32162-2194,32162,2194,MAVERICKINTERNATIONALLTD.,SERR.D.T.CIL.CREM.+CIL.,50,24
32162-2195,32162,2195,MAVERICKINTERNATIONALLTD.,CILINDRO A MAPPE,50,10
32162-2200,32162,2200,MAVERICKINTERNATIONALLTD.,SERR.CIL.APPLICAREXP.BLINDATE,50,24
32162-2207,32162,2207,MAVERICKINTERNATIONALLTD.,SERR.DMA6NOT.XP.BLINDATE,50,50
32162-2210,32162,2210,MAVERICKINTERNATIONALLTD.,SERR.CIL.INFILAREXP.BLINDATE,50,24
32162-2211,32162,2211,MAVERICKINTERNATIONALLTD.,SERR.APPL.DM RICIFRABILE,50,50
32162-2212,32162,2212,MAVERICKINTERNATIONALLTD.,SERR.INF.DMRICIFRABILE,50,50
32162-2214,32162,2214,MAVERICKINTERNATIONALLTD.,SERR.CIL.INFILAREXPORTEBLINDATE(L.C.),50,15
32162-2215,32162,2215,MAVERICKINTERNATIONALLTD.,SERR.CIL.INFILAREXP.BLINDATE(RESIDENZIALE,50,24
32162-2216,32162,2216,MAVERICKINTERNATIONALLTD.,SERR.CIL.INFILAREXP.BLINDATE(ANTIPANICO),50,24
32162-2217,32162,2217,MAVERICKINTERNATIONALLTD.,SERR.DMI6NOT.XP.BLINDATE,50,50
32162-2805,32162,2805,MAVERICKINTERNATIONALLTD.,C2000EURO,50,15
32162-2807,32162,2807,MAVERICKINTERNATIONALLTD.,C2000VARI,50,15
32162-2862,32162,2862,MAVERICKINTERNATIONALLTD.,ASTRALSFRIZ.,50,0
32162-2B00,32162,2B00,MAVERICKINTERNATIONALLTD.,SERR.CILIN.APP.BLOCCO,50,32
32162-3042,32162,3042,MAVERICKINTERNATIONALLTD.,SERR.EL.MONT.SICUREZZA,50,0
32162-3044,32162,3044,MAVERICKINTERNATIONALLTD.,MULTIP.EL.SICUREZZA,50,20
32162-3133,32162,3133,MAVERICKINTERNATIONALLTD.,SERR.MONT.SICUREZZA,50,41
32162-3878,32162,3878,MAVERICKINTERNATIONALLTD.,AP4SMODULO,50,30
32162-4112,32162,4112,MAVERICKINTERNATIONALLTD.,LOGOINFILARECILINDRO,50,14
32162-4801,32162,4801,MAVERICKINTERNATIONALLTD.,LOGO EUROPEO,50,30
29523-0854,29523,0854,BERLINEREOOD,ALPHA PUSH APPLICARE,50,30
29523-0855,29523,0855,BERLINEREOOD,ALPHA TOUCH APPLICARE,50,30
29523-0887,29523,0887,BERLINEREOOD,ALPHA BARRA,50,30
29523-0888,29523,0888,BERLINEREOOD,ALPHA COMANDI ESTERNI,50,30
29523-080A,29523,080A,BERLINEREOOD,ALPHA CHIUSURE SUPPLEMENTARI,50,30
29523-080K,29523,080K,BERLINEREOOD,ALPHA KIT,50,30
29523-0897,29523,0897,BERLINEREOOD,ALPHA INCONTRI ELETTRICI,50,0
29523-0898,29523,0898,BERLINEREOOD,ALPHA ACCESSORI,50,0
31455-0854,31455,0854,BIBIMILENMARINOVET,ALPHA PUSH APPLICARE,50,30
31455-0855,31455,0855,BIBIMILENMARINOVET,ALPHA TOUCH APPLICARE,50,30
31455-0887,31455,0887,BIBIMILENMARINOVET,ALPHA BARRA,50,30
31455-0888,31455,0888,BIBIMILENMARINOVET,ALPHA COMANDI ESTERNI,50,30
31455-080A,31455,080A,BIBIMILENMARINOVET,ALPHA CHIUSURE SUPPLEMENTARI,50,30
31455-080K,31455,080K,BIBIMILENMARINOVET,ALPHA KIT,50,30
31455-0897,31455,0897,BIBIMILENMARINOVET,ALPHA INCONTRI ELETTRICI,50,0
31455-0898,31455,0898,BIBIMILENMARINOVET,ALPHA ACCESSORI,50,0
28859-0854,28859,0854,PASADOORLTD,ALPHA PUSH APPLICARE,50,30
28859-0855,28859,0855,PASADOORLTD,ALPHA TOUCH APPLICARE,50,30
28859-0887,28859,0887,PASADOORLTD,ALPHA BARRA,50,30
28859-0888,28859,0888,PASADOORLTD,ALPHA COMANDI ESTERNI,50,30
28859-080A,28859,080A,PASADOORLTD,ALPHA CHIUSURE SUPPLEMENTARI,50,30
28859-080K,28859,080K,PASADOORLTD,ALPHA KIT,50,30
28859-0897,28859,0897,PASADOORLTD,ALPHA INCONTRI ELETTRICI,50,0
28859-0898,28859,0898,PASADOORLTD,ALPHA ACCESSORI,50,0
32162-0854,32162,0854,MAVERICKINTERNATIONALLTD.,ALPHA PUSH APPLICARE,50,30
32162-0855,32162,0855,MAVERICKINTERNATIONALLTD.,ALPHA TOUCH APPLICARE,50,30
32162-0887,32162,0887,MAVERICKINTERNATIONALLTD.,ALPHA BARRA,50,30
32162-0888,32162,0888,MAVERICKINTERNATIONALLTD.,ALPHA COMANDI ESTERNI,50,30
32162-080A,32162,080A,MAVERICKINTERNATIONALLTD.,ALPHA CHIUSURE SUPPLEMENTARI,50,30
32162-080K,32162,080K,MAVERICKINTERNATIONALLTD.,ALPHA KIT,50,30
32162-0897,32162,0897,MAVERICKINTERNATIONALLTD.,ALPHA INCONTRI ELETTRICI,50,0
32162-0898,32162,0898,MAVERICKINTERNATIONALLTD.,ALPHA ACCESSORI,50,0
23470-0725,23470,0725,ACOND.O.O.,CHIUDIPORTAHIGHEFFICIENCY,50,15
23470-0751,23470,0751,ACOND.O.O.,MANIGLIONIANTIP.XSERR.INF.,50,40
23470-0754,23470,0754,ACOND.O.O.,MANIGLIONEPUSHBARAPPLICAREFAST,50,38
23470-0755,23470,0755,ACOND.O.O.,MANIGLIONETOUCHBARAPPLICAREFAST,50,38
23470-0756,23470,0756,ACOND.O.O.,MANIGLIONEPUSHBARINFILAREFAST,50,40
23470-0757,23470,0757,ACOND.O.O.,MANIGLIONETOUCHBARINFILAREFAST,50,40
23470-075A,23470,075A,ACOND.O.O.,"MANIGLIAANTIPANICO""PUSHPAD""",50,40
23470-0786,23470,0786,ACOND.O.O.,BARREMANIGLIONISTANDARD,50,40
23470-0787,23470,0787,ACOND.O.O.,BARREMANIGLIONIEUROPA,50,40
23470-0788,23470,0788,ACOND.O.O.,COMANDIEST.MAN.STANDARDNG,50,38
23470-0796,23470,0796,ACOND.O.O.,ACCESSORI MAN. VECCHI + EUROPA,50,40
23470-0797,23470,0797,ACOND.O.O.,ACCESSORIMANIGLIONISTANDARD,50,0
23470-0798,23470,0798,ACOND.O.O.,ACCESSORIMANIGLIONIPUSHBAR,50,0
23470-079A,23470,079A,ACOND.O.O.,ACCESSORIMANIGLIONEFAST,50,38
23470-079B,23470,079B,ACOND.O.O.,RICAMBIMANIGLIONEFAST,50,0
23470-0980,23470,0980,ACOND.O.O.,ACC.CILINDRI,50,30
23470-0981,23470,0981,ACOND.O.O.,ACCESSORISERR.ALLUMINIO,50,10
23470-0983,23470,0983,ACOND.O.O.,ACCESSORIPERSERRATURELEGNO,50,30
23470-0984,23470,0984,ACOND.O.O.,ACCESSORIPERPB,50,15
23470-0985,23470,0985,ACOND.O.O.,ACCESSORIPERLUCCHETTI,50,0
23470-0986,23470,0986,ACOND.O.O.,ACCESSORI PER SERR. TAGLIAFUOCO,50,30
23470-0987,23470,0987,ACOND.O.O.,CONTROPIASTREINMETALLOPERSERR.ALLUMINIO,50,0
23470-0997,23470,0997,ACOND.O.O.,ACCESSORIPERCORPIELETTRICI,50,0
23470-1025,23470,1025,ACOND.O.O.,NUOVAELETTRICAAPPLICAREFERRO,50,0
23470-1SCE,23470,1SCE,ACOND.O.O.,CASS.SOLOCHIAVEESTERNI1STELLA,50,0
23470-2143,23470,2143,ACOND.O.O.,SERR.MECCANICAINFILAREFIRE,50,40
23470-2145,23470,2145,ACOND.O.O.,SERR.MECC.MONT.ANTIPANICOFIRE,50,25
23470-2146,23470,2146,ACOND.O.O.,SERR.MECC.INFILAREANTIPANICOFERRO,50,45
23470-2147,23470,2147,ACOND.O.O.,SERRATURAMULTIPUNTOANTIPANICO,50,35
23470-2153,23470,2153,ACOND.O.O.,SERRATURAMITOSTANDARDCINA,50,58
23470-2193,23470,2193,ACOND.O.O.,SERR.D.T.DM.RIC.+CIL.,50,35
23470-2205,23470,2205,ACOND.O.O.,SERR.CIL.APPLICAREXP.BLINDATE(RESIDENZIALE,50,24
23470-2211,23470,2211,ACOND.O.O.,SERR.APPL.DM RICIFRABILE,50,35
23470-2805,23470,2805,ACOND.O.O.,C2000EURO,50,15
23470-2830,23470,2830,ACOND.O.O.,ASIXEURO,50,10
23470-2833,23470,2833,ACOND.O.O.,ASIXP8PRO,50,20
23470-2836,23470,2836,ACOND.O.O.,ASIXP8EURO,50,20
23470-3158,23470,3158,ACOND.O.O.,SERRATURAAUTOMATICA1PUNTO,50,20
23470-3165,23470,3165,ACOND.O.O.,"NUOVAMULTITOPMECC.TESTATA2.300MM-15,5",50,20
23470-3168,23470,3168,ACOND.O.O.,MULTIPUNTOAUTOMATICA,50,15
23470-3640,23470,3640,ACOND.O.O.,CISAACCIAIORETTANGOLARI,50,5
23470-3828,23470,3828,ACOND.O.O.,TEKNOPROEURO,50,50
23470-4115,23470,4115,ACOND.O.O.,SERR.MONT.CIL.EUROLOGO,50,38
23470-4117,23470,4117,ACOND.O.O.,SERR.MONT.CIL.EUROLOCKINGLINE,50,38
23470-4524,23470,4524,ACOND.O.O.,LOGOL40,50,16
23470-4525,23470,4525,ACOND.O.O.,LOGOL50,50,16
23470-4560,23470,4560,ACOND.O.O.,LUCCH.LOCKING-LINEPOP,50,16
23470-4801,23470,4801,ACOND.O.O.,LOGO EUROPEO,50,30
23470-4802,23470,4802,ACOND.O.O.,LOGO OVALI,50,0
23470-6410,23470,6410,ACOND.O.O.,E-SIGNOSAFEC2000,50,33
23470-6416,23470,6416,ACOND.O.O.,E-SIGNOSAFEPLANTSETC2000,50,0
31416-4115,31416,4115,OKOVINTERNATIONALD.O.O.,SERR.MONT.CIL.EUROLOGO,50,38
31416-4133,31416,4133,OKOVINTERNATIONALD.O.O.,SERR.MONT.SICUREZZA,50,38
31416-4518,31416,4518,OKOVINTERNATIONALD.O.O.,LOGO.LINEINCAMICIATI,50,30
31416-1050,31416,1050,OKOVINTERNATIONALD.O.O.,INCONTROELETTRICOPERLEGNO,50,19
31416-0718,31416,0718,OKOVINTERNATIONALD.O.O.,CHIUDIPORTA 60450 CREMAGLIERA,50,0
31416-4802,31416,4802,OKOVINTERNATIONALD.O.O.,LOGO OVALI,50,0
31416-2207,31416,2207,OKOVINTERNATIONALD.O.O.,SERR.DMA6NOT.XP.BLINDATE,50,63
31416-0755,31416,0755,OKOVINTERNATIONALD.O.O.,MANIGLIONETOUCHBARAPPLICAREFAST,50,38
31416-3640,31416,3640,OKOVINTERNATIONALD.O.O.,CISAACCIAIORETTANGOLARI,50,5
31416-1052,31416,1052,OKOVINTERNATIONALD.O.O.,CORPIELETTRICI,50,40
31416-2204,31416,2204,OKOVINTERNATIONALD.O.O.,SERR.CIL.APPLICARE(L.C.)XPORTEBLINDATE,50,15
31416-0997,31416,0997,OKOVINTERNATIONALD.O.O.,ACCESSORIPERCORPIELETTRICI,50,40
31416-0788,31416,0788,OKOVINTERNATIONALD.O.O.,COMANDIEST.MAN.STANDARDNG,50,38
31416-0754,31416,0754,OKOVINTERNATIONALD.O.O.,MANIGLIONEPUSHBARAPPLICAREFAST,50,38
24234-2830,24234,2830,SILKOND.O.O.,ASIXEURO,50,10
24234-1052,24234,1052,SILKOND.O.O.,ASIXEURO,50,40
24234-0997,24234,0997,SILKOND.O.O.,ASIXEURO,50,40
24234-2211,24234,2211,SILKOND.O.O.,SERR.APPL.DM RICIFRABILE,50,35
24234-2193,24234,2193,SILKOND.O.O.,ASIXEURO,50,35
24234-0984,24234,0984,SILKOND.O.O.,ASIXEURO,50,15
24234-0718,24234,0718,SILKOND.O.O.,CHIUDIPORTA 60450 CREMAGLIERA,50,16
24234-0712,24234,0712,SILKOND.O.O.,ASIXEURO,50,45
24234-4115,24234,4115,SILKOND.O.O.,SERR.MONT.CIL.EURO LOGO,50,38
24234-4801,24234,4801,SILKOND.O.O.,LOGO EUROPEO,50,31
24234-0985,24234,0985,SILKOND.O.O.,ASIXEURO,50,19
24234-3640,24234,3640,SILKOND.O.O.,ASIXEURO,50,29
23470-0854,23470,0854,ACOND.O.O.,ALPHA PUSH APPLICARE,50,30
23470-0855,23470,0855,ACOND.O.O.,ALPHA TOUCH APPLICARE,50,30
23470-0887,23470,0887,ACOND.O.O.,ALPHA BARRA,50,30
23470-0888,23470,0888,ACOND.O.O.,ALPHA COMANDI ESTERNI,50,30
23470-080A,23470,080A,ACOND.O.O.,ALPHA CHIUSURE SUPPLEMENTARI,50,30
23470-080K,23470,080K,ACOND.O.O.,ALPHA KIT,50,30
23470-3710,23470,3710,ACOND.O.O.,INOVATE EURO,50,48
23470-0897,23470,0897,ACOND.O.O.,ALPHA INCONTRI ELETTRICI,50,0
23470-0898,23470,0898,ACOND.O.O.,ALPHA ACCESSORI,50,0
23470-2212,23470,2212,ACOND.O.O.,SERR.INF.DM RICIFRABILE,50,50
31416-0854,31416,0854,OKOVINTERNATIONALD.O.O.,ALPHA PUSH APPLICARE,50,30
31416-0855,31416,0855,OKOVINTERNATIONALD.O.O.,ALPHA TOUCH APPLICARE,50,30
31416-0887,31416,0887,OKOVINTERNATIONALD.O.O.,ALPHA BARRA,50,30
31416-0888,31416,0888,OKOVINTERNATIONALD.O.O.,ALPHA COMANDI ESTERNI,50,30
31416-080A,31416,080A,OKOVINTERNATIONALD.O.O.,ALPHA CHIUSURE SUPPLEMENTARI,50,30
31416-080K,31416,080K,OKOVINTERNATIONALD.O.O.,ALPHA KIT,50,30
31416-0897,31416,0897,OKOVINTERNATIONALD.O.O.,ALPHA INCONTRI ELETTRICI,50,0
31416-0898,31416,0898,OKOVINTERNATIONALD.O.O.,ALPHA ACCESSORI,50,0
24234-0980,24234,0980,SILKOND.O.O.,ACC.CILINDRI,50,0
24234-4133,24234,4133,SILKOND.O.O.,SERR.MONT.SICUREZZA,50,38
